<?xml version="1.0" encoding="UTF-8"?>
<configuration>
	<property name="FOLDER_NAME" value="logs" />
		<appender name="STDOUT" class="ch.qos.logback.core.ConsoleAppender">
			<layout class="ch.qos.logback.classic.PatternLayout">
			<Pattern>
				%date{ISO8601} %-5level %class{0}:%L - [%X] %msg%n
			</Pattern>
			</layout>
		</appender>
		<appender name="FILE-AUDIT"
			class="ch.qos.logback.core.rolling.RollingFileAppender">
			<file>${FOLDER_NAME}/debug.log</file>
			<encoder class="ch.qos.logback.classic.encoder.PatternLayoutEncoder">
			<Pattern>
				%date{ISO8601} %-5level %class{0}:%L - [%X] %msg%n
			</Pattern>
			</encoder>
		<rollingPolicy class="ch.qos.logback.core.rolling.TimeBasedRollingPolicy">
			roll over daily
			<fileNamePattern>${FOLDER_NAME}/archived/debug.%d{yyyy-MM-dd}.%i.log
			</fileNamePattern>
			<timeBasedFileNamingAndTriggeringPolicy
				class="ch.qos.logback.core.rolling.SizeAndTimeBasedFNATP">
				<maxFileSize>10MB</maxFileSize>
			</timeBasedFileNamingAndTriggeringPolicy>
		</rollingPolicy>
		</appender>

	<appender name="FILE-ERROR"
		class="ch.qos.logback.core.rolling.RollingFileAppender">
			<file>${FOLDER_NAME}/error.log</file>
			<encoder class="ch.qos.logback.classic.encoder.PatternLayoutEncoder">
			<Pattern>
				%date{ISO8601} %-5level %class{0}:%L - [%X] %msg%n
			</Pattern>
			</encoder>
		<rollingPolicy class="ch.qos.logback.core.rolling.TimeBasedRollingPolicy">
			roll over daily
			<fileNamePattern>${FOLDER_NAME}/archived/error.%d{yyyy-MM-dd}.%i.log
			</fileNamePattern>
			<timeBasedFileNamingAndTriggeringPolicy
				class="ch.qos.logback.core.rolling.SizeAndTimeBasedFNATP">
				<maxFileSize>10MB</maxFileSize>
			</timeBasedFileNamingAndTriggeringPolicy>
		</rollingPolicy>
	</appender>


 Send logs to both console and file audit
		<logger name="com.customerService.CustomerService" level="debug"
			additivity="false">
			<appender-ref ref="FILE-AUDIT" />
			<appender-ref ref="STDOUT" />
		</logger>
	z
		<logger name="com.customerService.CustomerService" level="error">
			<appender-ref ref="FILE-ERROR" />
			<appender-ref ref="STDOUT" />
		</logger>
	
</configuration>